gender,count,percentage
female,32,16.080402010050251
male,167,83.91959798994975