gender,count,percentage
female,215,10.184746565608717
male,1896,89.81525343439128