gender,count,percentage
female,49,13.101604278074866
male,215,57.48663101604278
unknown or unapplicable,110,29.411764705882355
